Model,MAE,RMSE,MAPE
SARIMA,18591.24995836587,19637.48980442811,19.549112296912927
Prophet,40970.325034558286,53868.94865619383,40.0398649396144
XGBoost,15284.620520833332,18649.01564081156,15.153573338418255
